{"organisation":"VIC_Govt_SV","name":"wasterecyclingsurvey_lga_2010_2011","title":"VIC SV - Victorian Local Government Annual Survey - Waste and Recycling (LGA) 2010/11","legal":{"copyrightYear":"2010 - 2011","attributionYear":"2011","attribution":"{datasource.organisationTitle}, ({dataset.attributionYear}): {dataset.title}; accessed from AURIN on {dateOfAccess}.","clickthrough":false,"licenceType":"Creative Commons Attribution 3.0 Australia (CC BY 3.0 AU)","copyrightNotice":"&copy; {datasource.organisationTitle} {dataset.copyrightYear}"},"referenceSystemIdentifier":"urn:x-ogc:def:crs:EPSG:4283","geoLevel":"lga","key":"lga_code","keyRegex":null,"availability":"true","geomField":"wkb_geometry","keyword":"waste, recycling, survey, environment, vegetation, green space","theme":"population","temporalExtent":{"beginDate":"2010-01-10T00:00:00","endDate":"2011-01-10T00:00:00","selectTime":false},"type":"dataset","_id":"dataset-VIC_Govt_SV-wasterecyclingsurvey_lga_2010_2011-lga","bbox":[140.96,-39.14,149.85,-33.98],"abstract":"This dataset presents the Victorian Local Government Annual Survey conducted by Sustainability Victoria. The survey assesses the state's delivery of kerbside waste management and recycling services by Local Governments to Victoria's households for the 2010-2011 financial year. \n<br><br>\n\nFor more information, please visit: <a href=\"http://www.sustainability.vic.gov.au/~/media/resources/documents/publications%20and%20research/publications/a%20-%20b/publications%20annual%20survey%202010-11%20report%20victorian%20local%20government.pdf\" target=\"_blank\">The Victorian Local Government Annual Survey 2010-2011 Report</a>.","selectedAttributes":[{"name":"lga_code","type":"String","title":"LGA Code","description":"Local Government Area (LGA) Code","stype":"Nominal","isDimension":false},{"name":"classification","type":"String","title":"Classification","description":"Classification (Metro / Non-metro)","stype":"Nominal","isDimension":false},{"name":"diversion_rate_1","type":"Double","title":"Diversion Rate 1","description":"Diversion rate 1 is the official measure from kerbside collection services used to track progress of local governments.","stype":"Ratio","isDimension":false},{"name":"diversion_rate_2","type":"Double","title":"Diversion Rate 2","description":"Diversion rate 2 allows comparison with local governments without green organics.","stype":"Ratio","isDimension":false},{"name":"diversion_rate_3","type":"Double","title":"Diversion Rate 3","description":"Diversion rate 3 allows comparisons with local governments that provide drop-off collection facilities for parts of their municipality.","stype":"Ratio","isDimension":false},{"name":"household_yield_kg","type":"Double","title":"Annual Household Yield (kg)","description":"Annual household yield (kg) of recyclables collected through kerbside services by the local government","stype":"Ratio","isDimension":false},{"name":"lga","type":"String","title":"LGA Name","description":"Local Government Area (LGA) Name","stype":"Nominal","isDimension":false},{"name":"ogc_fid","type":"Integer","title":"Object ID","description":"ogc_fid","stype":"Nominal","isDimension":false},{"name":"predominant_recycling_bin_system","type":"String","title":"Predominant Recycling Bin System","description":"Predominant recycling bin system. Includes size of bins, collection system and regular collection time.","stype":"Nominal","isDimension":false},{"name":"rank","type":"Double","title":"Rank","description":"All local governments are ranked by diversion rate 1 . Diversion rate 1 is the official measure used to track progress of local governments.","stype":"Ordinal","isDimension":false},{"name":"service_provision_category","type":"String","title":"Service Provision Category","description":"Service provision category (Inner metropolitan, Major provincial, Melbourne fringe, Outer metropolitan, Rural township, Small provincial)","stype":"Nominal","isDimension":false},{"name":"waste_management_group","type":"String","title":"Waste Management Group","description":"Waste Management Group","stype":"Nominal","isDimension":false}],"filter":{"filterType":"tabular","feature":{"key":"lga_code","geoLevel":"lga","geoField":"ignored","year":"2006","featureBbox":[140.961681984,-39.159189527500004,149.976679008,-33.9806475865],"featureType":"ste","featureInstance":"2","featureName":"Victoria","referenceSystemIdentifier":"urn:x-ogc:def:crs:EPSG:4283","prefix":"","keyTransform":null},"states":["2"]}}